rank,company_id,company_name,aliases,source_ticker,twelve_data_symbol,twelve_data_exchange,exchange,sector,industry,country,market_cap_usd,ranking_snapshot_date
1,C001,NVIDIA Corporation,NVIDIA|Nvidia|英伟达,NASDAQ-NVDA,NVDA,NASDAQ,NASDAQ,Technology,Semiconductors,United States,5136204579214.00,2026-07-23
2,C002,Apple Inc.,Apple|Apple Inc|苹果,NASDAQ-AAPL,AAPL,NASDAQ,NASDAQ,Technology,Consumer Electronics,United States,4786462446840.00,2026-07-23
3,C003,Alphabet Inc.,Alphabet|Alphabet Inc|Google|谷歌,NASDAQ-GOOG,GOOG,NASDAQ,NASDAQ,Communication Services,Internet Content & Information,United States,4173503373197.00,2026-07-23
4,C004,Microsoft Corporation,Microsoft|Microsoft Corporation|微软,NASDAQ-MSFT,MSFT,NASDAQ,NASDAQ,Technology,Software - Infrastructure,United States,2899615202359.00,2026-07-23
5,C005,Amazon.com Inc.,Amazon|Amazon.com|Amazon.com Inc|亚马逊,NASDAQ-AMZN,AMZN,NASDAQ,NASDAQ,Consumer Cyclical,Internet Retail,United States,2633878245405.00,2026-07-23
6,C006,Space Exploration Technologies Corp.,SpaceX|Space Exploration Technologies|Space Exploration Technologies Corp.,NASDAQ-SPCX,SPCX,NASDAQ,NASDAQ,Industrials,Aerospace & Defense,United States,2081445780435.00,2026-07-23
7,C007,Taiwan Semiconductor Manufacturing Company,TSMC|Taiwan Semiconductor|Taiwan Semiconductor Manufacturing Company|台积电,NYSE-TSM,TSM,NYSE,NYSE,Technology,Semiconductors,Taiwan,1918902625099.00,2026-07-23
8,C008,Broadcom Inc.,Broadcom|Broadcom Inc|博通,NASDAQ-AVGO,AVGO,NASDAQ,NASDAQ,Technology,Semiconductors,United States,1887855398368.00,2026-07-23
9,C010,Saudi Arabian Oil Company,Saudi Aramco|Aramco|Saudi Arabian Oil Company|沙特阿美,TADAWUL-2222,2222,Tadawul,Tadawul,Energy,Oil & Gas Integrated,Saudi Arabia,1713040813381.25,2026-07-23
10,C009,Meta Platforms Inc.,Meta|Meta Platforms|Facebook|Instagram|WhatsApp,NASDAQ-META,META,NASDAQ,NASDAQ,Communication Services,Internet Content & Information,United States,1592022943570.00,2026-07-23
11,C011,Tesla Inc.,Tesla|Tesla Inc|特斯拉,NASDAQ-TSLA,TSLA,NASDAQ,NASDAQ,Consumer Cyclical,Auto Manufacturers,United States,1404678284993.00,2026-07-23
12,C012,Samsung Electronics Co. Ltd.,Samsung|Samsung Electronics|Samsung Electronics Co. Ltd.|三星电子,KRX-005930,005930,KRX,KRX,Technology,Consumer Electronics,South Korea,1126215617096.17,2026-07-23
13,C016,Micron Technology Inc.,Micron|Micron Technology|Micron Technology Inc.|美光科技,NASDAQ-MU,MU,NASDAQ,NASDAQ,Technology,Semiconductors,United States,1083630140521.00,2026-07-23
14,C013,Berkshire Hathaway Inc.,Berkshire Hathaway|Berkshire Hathaway Inc.|伯克希尔·哈撒韦,NYSE-BRK.B,BRK.B,NYSE,NYSE,Financial Services,Insurance - Diversified,United States,1054867765244.00,2026-07-23
15,C014,Eli Lilly and Company,Eli Lilly|Eli Lilly and Company|Lilly|礼来,NYSE-LLY,LLY,NYSE,NYSE,Healthcare,Drug Manufacturers - General,United States,1037104172592.00,2026-07-23
16,C017,JPMorgan Chase & Co.,JPMorgan|JPMorgan Chase|JP Morgan|JPMorgan Chase & Co.|摩根大通,NYSE-JPM,JPM,NYSE,NYSE,Financial Services,Banks - Diversified,United States,925611822000.00,2026-07-23
17,C015,SK hynix Inc.,SK hynix|SK Hynix|SK hynix Inc.|SK海力士,KRX-000660,000660,KRX,KRX,Technology,Semiconductors,South Korea,908970819578.15,2026-07-23
18,C019,Advanced Micro Devices Inc.,AMD|Advanced Micro Devices|Advanced Micro Devices Inc.|超威半导体,NASDAQ-AMD,AMD,NASDAQ,NASDAQ,Technology,Semiconductors,United States,900629650939.00,2026-07-23
19,C018,Walmart Inc.,Walmart|Walmart Inc.|沃尔玛,NYSE-WMT,WMT,NYSE,NYSE,Consumer Defensive,Discount Stores,United States,870056794016.00,2026-07-23
20,C020,ASML Holding N.V.,ASML|ASML Holding|ASML Holding N.V.|阿斯麦,NASDAQ-ASML,ASML,NASDAQ,NASDAQ,Technology,Semiconductor Equipment & Materials,Netherlands,696745523708.00,2026-07-23
21,C021,Visa Inc.,Visa|Visa Inc.|维萨,NYSE-V,V,NYSE,NYSE,Financial Services,Credit Services,United States,665808894708.00,2026-07-23
22,C022,Exxon Mobil Corporation,Exxon|ExxonMobil|Exxon Mobil|Exxon Mobil Corporation|埃克森美孚,NYSE-XOM,XOM,NYSE,NYSE,Energy,Oil & Gas Integrated,United States,640111161242.00,2026-07-23
23,C023,Johnson & Johnson,Johnson & Johnson|J&J|强生,NYSE-JNJ,JNJ,NYSE,NYSE,Healthcare,Drug Manufacturers - General,United States,615356874297.00,2026-07-23
24,C024,Intel Corporation,Intel|Intel Corporation|英特尔,NASDAQ-INTC,INTC,NASDAQ,NASDAQ,Technology,Semiconductors,United States,515768120000.00,2026-07-23
25,C025,Tencent Holdings Limited,Tencent|Tencent Holdings|Tencent Holdings Limited|WeChat|腾讯,HKG-0700,TCEHY,OTC,HKG,Communication Services,Internet Content & Information,China,504506813533.46,2026-07-23
26,C026,Mastercard Incorporated,Mastercard|Mastercard Incorporated|MasterCard|万事达,NYSE-MA,MA,NYSE,NYSE,Financial Services,Credit Services,United States,470048939183.00,2026-07-23
27,C027,AbbVie Inc.,AbbVie|AbbVie Inc.|艾伯维,NYSE-ABBV,ABBV,NYSE,NYSE,Healthcare,Drug Manufacturers - General,United States,447528621559.00,2026-07-23
28,C028,Cisco Systems Inc.,Cisco|Cisco Systems|Cisco Systems Inc.|思科,NASDAQ-CSCO,CSCO,NASDAQ,NASDAQ,Technology,Communication Equipment,United States,442268383760.00,2026-07-23
29,C029,Applied Materials Inc.,Applied Materials|Applied Materials Inc.|应用材料,NASDAQ-AMAT,AMAT,NASDAQ,NASDAQ,Technology,Semiconductor Equipment & Materials,United States,439790007466.00,2026-07-23
30,C030,Bank of America Corporation,Bank of America|Bank of America Corporation|BofA|美国银行,NYSE-BAC,BAC,NYSE,NYSE,Financial Services,Banks - Diversified,United States,432447154885.00,2026-07-23
31,C031,Costco Wholesale Corporation,Costco|Costco Wholesale|Costco Wholesale Corporation|开市客,NASDAQ-COST,COST,NASDAQ,NASDAQ,Consumer Defensive,Discount Stores,United States,411242329737.00,2026-07-23
32,C032,Caterpillar Inc.,Caterpillar|Caterpillar Inc.|卡特彼勒,NYSE-CAT,CAT,NYSE,NYSE,Industrials,Farm & Heavy Construction Machinery,United States,409609056402.00,2026-07-23
33,C033,Lam Research Corporation,Lam Research|Lam Research Corporation|拉姆研究,NASDAQ-LRCX,LRCX,NASDAQ,NASDAQ,Technology,Semiconductor Equipment & Materials,United States,399294814590.00,2026-07-23
34,C034,UnitedHealth Group Incorporated,UnitedHealth|UnitedHealth Group|UnitedHealthcare|联合健康,NYSE-UNH,UNH,NYSE,NYSE,Healthcare,Healthcare Plans,United States,391691762889.00,2026-07-23
35,C035,Chevron Corporation,Chevron|Chevron Corporation|雪佛龙,NYSE-CVX,CVX,NYSE,NYSE,Energy,Oil & Gas Integrated,United States,381604389681.00,2026-07-23
36,C036,Industrial and Commercial Bank of China Limited,Industrial and Commercial Bank of China|ICBC|工商银行,SHA-601398,601398,SSE,SHA,Financial Services,Banks - Diversified,China,380192329454.96,2026-07-23
37,C037,Oracle Corporation,Oracle|Oracle Corporation|Oracle Corp|甲骨文,NYSE-ORCL,ORCL,NYSE,NYSE,Technology,Software - Infrastructure,United States,362478470640.00,2026-07-23
38,C038,GE Aerospace,GE Aerospace|General Electric|GE|通用电气,NYSE-GE,GE,NYSE,NYSE,Industrials,Aerospace & Defense,United States,354005953810.00,2026-07-23
39,C039,HSBC Holdings plc,HSBC|HSBC Holdings|HSBC Holdings plc|汇丰,LON-HSBA,HSBC,NYSE,LON,Financial Services,Banks - Diversified,United Kingdom,353809558053.16,2026-07-23
40,C040,The Coca-Cola Company,Coca-Cola|Coca Cola|The Coca-Cola Company|可口可乐,NYSE-KO,KO,NYSE,NYSE,Consumer Defensive,Beverages - Non-Alcoholic,United States,353664054760.00,2026-07-23
